[{"pk": 1, "model": "contenttypes.contenttype", "fields": {"model": "logentry", "name": "log entry", "app_label": "admin"}}, {"pk": 2, "model": "contenttypes.contenttype", "fields": {"model": "permission", "name": "permission", "app_label": "auth"}}, {"pk": 3, "model": "contenttypes.contenttype", "fields": {"model": "group", "name": "group", "app_label": "auth"}}, {"pk": 4, "model": "contenttypes.contenttype", "fields": {"model": "user", "name": "user", "app_label": "auth"}}, {"pk": 5, "model": "contenttypes.contenttype", "fields": {"model": "contenttype", "name": "content type", "app_label": "contenttypes"}}, {"pk": 6, "model": "contenttypes.contenttype", "fields": {"model": "session", "name": "session", "app_label": "sessions"}}, {"pk": 7, "model": "contenttypes.contenttype", "fields": {"model": "migrationhistory", "name": "migration history", "app_label": "south"}}, {"pk": 8, "model": "contenttypes.contenttype", "fields": {"model": "event", "name": "event", "app_label": "OneEvent"}}, {"pk": 9, "model": "contenttypes.contenttype", "fields": {"model": "eventchoice", "name": "event choice", "app_label": "OneEvent"}}, {"pk": 10, "model": "contenttypes.contenttype", "fields": {"model": "eventchoiceoption", "name": "event choice option", "app_label": "OneEvent"}}, {"pk": 11, "model": "contenttypes.contenttype", "fields": {"model": "participantbooking", "name": "participant booking", "app_label": "OneEvent"}}, {"pk": 12, "model": "contenttypes.contenttype", "fields": {"model": "participantoption", "name": "participant option", "app_label": "OneEvent"}}, {"pk": 13, "model": "contenttypes.contenttype", "fields": {"model": "profile", "name": "profile", "app_label": "OneEvent"}}, {"pk": "2iu6y54fju9cckswty7nrq8ucp9jxo86", "model": "sessions.session", "fields": {"expire_date": "2014-10-18T16:31:41.439Z", "session_data": "ODUwZDZhOTMwMjIxYjViMjNhMTBhOWM0MDNhOTIyODJjMzAwNzFhYTp7Il9hdXRoX3VzZXJfYmFja2VuZCI6ImRqYW5nby5jb250cmliLmF1dGguYmFja2VuZHMuTW9kZWxCYWNrZW5kIiwiX2F1dGhfdXNlcl9pZCI6NX0="}}, {"pk": "4w7povevtc03py930a6986yxtnwyv6hl", "model": "sessions.session", "fields": {"expire_date": "2014-10-10T14:46:28.815Z", "session_data": "ZjEwYjQ5Nzc4NTVhNDMwOGJkOGEyOWY4MTZlZGU3ZmNiYjQxYjQwZDp7Il9hdXRoX3VzZXJfYmFja2VuZCI6ImRqYW5nby5jb250cmliLmF1dGguYmFja2VuZHMuTW9kZWxCYWNrZW5kIiwiX2F1dGhfdXNlcl9pZCI6MX0="}}, {"pk": "86qsuyqxg91fwzmol0vus0us8hb16kqo", "model": "sessions.session", "fields": {"expire_date": "2014-10-18T16:40:08.836Z", "session_data": "ZjEwYjQ5Nzc4NTVhNDMwOGJkOGEyOWY4MTZlZGU3ZmNiYjQxYjQwZDp7Il9hdXRoX3VzZXJfYmFja2VuZCI6ImRqYW5nby5jb250cmliLmF1dGguYmFja2VuZHMuTW9kZWxCYWNrZW5kIiwiX2F1dGhfdXNlcl9pZCI6MX0="}}, {"pk": "8ercmi01sn91xee1bo2o3k9zk6y5g08c", "model": "sessions.session", "fields": {"expire_date": "2014-10-19T14:52:20.095Z", "session_data": "ZjEwYjQ5Nzc4NTVhNDMwOGJkOGEyOWY4MTZlZGU3ZmNiYjQxYjQwZDp7Il9hdXRoX3VzZXJfYmFja2VuZCI6ImRqYW5nby5jb250cmliLmF1dGguYmFja2VuZHMuTW9kZWxCYWNrZW5kIiwiX2F1dGhfdXNlcl9pZCI6MX0="}}, {"pk": "98t34hmy50jtah0b28383euqqen50csr", "model": "sessions.session", "fields": {"expire_date": "2014-10-18T15:59:59.934Z", "session_data": "YTVlMWUyMDBlYjIwYTMyNzEwYWM5ZTNjYjYyN2U1MjQxMTkzMWVhODp7Il9hdXRoX3VzZXJfYmFja2VuZCI6ImRqYW5nby5jb250cmliLmF1dGguYmFja2VuZHMuTW9kZWxCYWNrZW5kIiwiX2F1dGhfdXNlcl9pZCI6Mn0="}}, {"pk": "g9pj8pt4h8qjo9vhjyyoo7vmlvzw0frk", "model": "sessions.session", "fields": {"expire_date": "2014-10-18T17:13:31.105Z", "session_data": "ZjEwYjQ5Nzc4NTVhNDMwOGJkOGEyOWY4MTZlZGU3ZmNiYjQxYjQwZDp7Il9hdXRoX3VzZXJfYmFja2VuZCI6ImRqYW5nby5jb250cmliLmF1dGguYmFja2VuZHMuTW9kZWxCYWNrZW5kIiwiX2F1dGhfdXNlcl9pZCI6MX0="}}, {"pk": "jaut46qo862xk6tvchn84wlqrm70fe1k", "model": "sessions.session", "fields": {"expire_date": "2014-10-10T23:07:00.372Z", "session_data": "N2FhZTU4M2JiN2RiYmQ3YmFkNGY1NTg2NWQzYWExYjlhYjc1YjNjNzp7Il9hdXRoX3VzZXJfYmFja2VuZCI6ImRqYW5nby5jb250cmliLmF1dGguYmFja2VuZHMuTW9kZWxCYWNrZW5kIiwiX2F1dGhfdXNlcl9pZCI6M30="}}, {"pk": "lihqe19q8cqagzx6t7jdq22g6f6e5hjb", "model": "sessions.session", "fields": {"expire_date": "2014-10-10T14:43:20.842Z", "session_data": "N2FhZTU4M2JiN2RiYmQ3YmFkNGY1NTg2NWQzYWExYjlhYjc1YjNjNzp7Il9hdXRoX3VzZXJfYmFja2VuZCI6ImRqYW5nby5jb250cmliLmF1dGguYmFja2VuZHMuTW9kZWxCYWNrZW5kIiwiX2F1dGhfdXNlcl9pZCI6M30="}}, {"pk": "rfp29bbfkbppdog156h5gggyb28ztalb", "model": "sessions.session", "fields": {"expire_date": "2014-10-09T20:33:42.595Z", "session_data": "YTVlMWUyMDBlYjIwYTMyNzEwYWM5ZTNjYjYyN2U1MjQxMTkzMWVhODp7Il9hdXRoX3VzZXJfYmFja2VuZCI6ImRqYW5nby5jb250cmliLmF1dGguYmFja2VuZHMuTW9kZWxCYWNrZW5kIiwiX2F1dGhfdXNlcl9pZCI6Mn0="}}, {"pk": "ub4lv7uhp1xr1ry2vumd1hq5nacfwf99", "model": "sessions.session", "fields": {"expire_date": "2014-10-10T21:55:12.816Z", "session_data": "NThkMDYyODBjNDI3ZWNjMDBjZjAwMTk5ZmJmNTUyZjk0MmQ4NTM4YTp7Il9hdXRoX3VzZXJfYmFja2VuZCI6ImRqYW5nby5jb250cmliLmF1dGguYmFja2VuZHMuTW9kZWxCYWNrZW5kIiwiX2F1dGhfdXNlcl9pZCI6NH0="}}, {"pk": 1, "model": "OneEvent.eventchoice", "fields": {"description": "", "event": 1, "title": "Starter"}}, {"pk": 2, "model": "OneEvent.eventchoice", "fields": {"description": "", "event": 1, "title": "Main Course"}}, {"pk": 3, "model": "OneEvent.eventchoice", "fields": {"description": "", "event": 1, "title": "Dessert"}}, {"pk": 1, "model": "OneEvent.eventchoiceoption", "fields": {"default": false, "title": "Carrot & Coriander Soup with French Baguette (v)", "description": "", "choice": 1}}, {"pk": 2, "model": "OneEvent.eventchoiceoption", "fields": {"default": false, "title": "Hog Roast Pork with Apple & Sage P\u00e2t\u00e9 & Chutney", "description": "Petit pat\u00e9 de campagne", "choice": 1}}, {"pk": 3, "model": "OneEvent.eventchoiceoption", "fields": {"default": false, "title": "Bacon Wrapped Roasted Turkey Parcel served with Sage & Onion Stuffing,", "description": "", "choice": 2}}, {"pk": 4, "model": "OneEvent.eventchoiceoption", "fields": {"default": true, "title": "Roast Potatoes, Brussels Sprouts, Honey Glazed Parsnips & Carrots with Rich Gravy (n)", "description": "J'espere que vous aimez la viande crue", "choice": 2}}, {"pk": 5, "model": "OneEvent.eventchoiceoption", "fields": {"default": false, "title": "Traditional Christmas Pudding with Brandy Sauce (n)", "description": "", "choice": 3}}, {"pk": 6, "model": "OneEvent.eventchoiceoption", "fields": {"default": true, "title": "Lemon Tart with Fresh Raspberries (v)", "description": "le classique", "choice": 3}}, {"pk": 13, "model": "OneEvent.eventchoiceoption", "fields": {"default": false, "title": "Shredded Duck Spring Rolls with Plum Sauce (n)", "description": "", "choice": 1}}, {"pk": 14, "model": "OneEvent.eventchoiceoption", "fields": {"default": true, "title": "Smoked Salmon with Wild Roquette, Lemon Cr\u00e8me Fra\u00eeche & Brown Bread", "description": "", "choice": 1}}, {"pk": 15, "model": "OneEvent.eventchoiceoption", "fields": {"default": false, "title": "Caramelised Red Onion & Goat\u2019s Cheese Filo Tart (v)", "description": "", "choice": 1}}, {"pk": 16, "model": "OneEvent.eventchoiceoption", "fields": {"default": false, "title": "Oven Roast Salmon, served with New Potatoes & White Wine, Caper & Parsley Sauce", "description": "", "choice": 2}}, {"pk": 17, "model": "OneEvent.eventchoiceoption", "fields": {"default": false, "title": "Grilled Sirloin Steak, served with Roasted Beef Salt Tomato, Jenga Chips & Peppercorn Sauce", "description": "", "choice": 2}}, {"pk": 18, "model": "OneEvent.eventchoiceoption", "fields": {"default": false, "title": "Pan Roasted Chicken Breast, served with Roasted Root Vegetable Rosti & Mushroom Sauce", "description": "", "choice": 2}}, {"pk": 19, "model": "OneEvent.eventchoiceoption", "fields": {"default": false, "title": "Asparagus & Garden Pea Girasole Pasta (v)", "description": "", "choice": 2}}, {"pk": 20, "model": "OneEvent.eventchoiceoption", "fields": {"default": false, "title": "Chocolate Brownie with Vanilla Ice Cream", "description": "", "choice": 3}}, {"pk": 21, "model": "OneEvent.eventchoiceoption", "fields": {"default": false, "title": "Rocky Road Cheesecake with White Chocolate Sauce (v)", "description": "", "choice": 3}}, {"pk": 22, "model": "OneEvent.eventchoiceoption", "fields": {"default": false, "title": "Winter Fruit Salad of Pomegranates, Clementines, Apples & Pears (v)", "description": "", "choice": 3}}, {"pk": 2, "model": "OneEvent.participantoption", "fields": {"option": 15, "booking": 1}}, {"pk": 3, "model": "OneEvent.participantoption", "fields": {"option": 17, "booking": 1}}, {"pk": 7, "model": "OneEvent.participantoption", "fields": {"option": 21, "booking": 1}}, {"pk": 1, "model": "south.migrationhistory", "fields": {"applied": "2014-09-23T23:24:41.038Z", "app_name": "OneEvent", "migration": "0001_initial"}}, {"pk": 2, "model": "south.migrationhistory", "fields": {"applied": "2014-09-23T23:24:41.199Z", "app_name": "django_extensions", "migration": "0001_empty"}}, {"pk": 3, "model": "south.migrationhistory", "fields": {"applied": "2014-09-28T18:04:16.510Z", "app_name": "OneEvent", "migration": "0002_auto__add_field_event_booking_close__add_field_event_choices_close"}}, {"pk": 4, "model": "south.migrationhistory", "fields": {"applied": "2014-10-01T22:40:38.253Z", "app_name": "OneEvent", "migration": "0003_auto__add_profile"}}, {"pk": 5, "model": "south.migrationhistory", "fields": {"applied": "2014-10-04T10:33:38.032Z", "app_name": "OneEvent", "migration": "0004_auto__del_profile"}}, {"pk": 6, "model": "south.migrationhistory", "fields": {"applied": "2014-10-04T11:03:03.064Z", "app_name": "OneEvent", "migration": "0005_auto__add_field_event_price_for_employees__add_field_event_price_for_c"}}, {"pk": 7, "model": "south.migrationhistory", "fields": {"applied": "2014-10-04T14:07:40.861Z", "app_name": "OneEvent", "migration": "0006_auto__del_field_participantbooking_mustPay"}}, {"pk": 8, "model": "south.migrationhistory", "fields": {"applied": "2014-10-05T11:03:37.172Z", "app_name": "OneEvent", "migration": "0007_auto__chg_field_eventchoiceoption_title"}}, {"pk": 1, "model": "auth.permission", "fields": {"codename": "add_logentry", "name": "Can add log entry", "content_type": 1}}, {"pk": 2, "model": "auth.permission", "fields": {"codename": "change_logentry", "name": "Can change log entry", "content_type": 1}}, {"pk": 3, "model": "auth.permission", "fields": {"codename": "delete_logentry", "name": "Can delete log entry", "content_type": 1}}, {"pk": 4, "model": "auth.permission", "fields": {"codename": "add_permission", "name": "Can add permission", "content_type": 2}}, {"pk": 5, "model": "auth.permission", "fields": {"codename": "change_permission", "name": "Can change permission", "content_type": 2}}, {"pk": 6, "model": "auth.permission", "fields": {"codename": "delete_permission", "name": "Can delete permission", "content_type": 2}}, {"pk": 7, "model": "auth.permission", "fields": {"codename": "add_group", "name": "Can add group", "content_type": 3}}, {"pk": 8, "model": "auth.permission", "fields": {"codename": "change_group", "name": "Can change group", "content_type": 3}}, {"pk": 9, "model": "auth.permission", "fields": {"codename": "delete_group", "name": "Can delete group", "content_type": 3}}, {"pk": 10, "model": "auth.permission", "fields": {"codename": "add_user", "name": "Can add user", "content_type": 4}}, {"pk": 11, "model": "auth.permission", "fields": {"codename": "change_user", "name": "Can change user", "content_type": 4}}, {"pk": 12, "model": "auth.permission", "fields": {"codename": "delete_user", "name": "Can delete user", "content_type": 4}}, {"pk": 13, "model": "auth.permission", "fields": {"codename": "add_contenttype", "name": "Can add content type", "content_type": 5}}, {"pk": 14, "model": "auth.permission", "fields": {"codename": "change_contenttype", "name": "Can change content type", "content_type": 5}}, {"pk": 15, "model": "auth.permission", "fields": {"codename": "delete_contenttype", "name": "Can delete content type", "content_type": 5}}, {"pk": 16, "model": "auth.permission", "fields": {"codename": "add_session", "name": "Can add session", "content_type": 6}}, {"pk": 17, "model": "auth.permission", "fields": {"codename": "change_session", "name": "Can change session", "content_type": 6}}, {"pk": 18, "model": "auth.permission", "fields": {"codename": "delete_session", "name": "Can delete session", "content_type": 6}}, {"pk": 19, "model": "auth.permission", "fields": {"codename": "add_migrationhistory", "name": "Can add migration history", "content_type": 7}}, {"pk": 20, "model": "auth.permission", "fields": {"codename": "change_migrationhistory", "name": "Can change migration history", "content_type": 7}}, {"pk": 21, "model": "auth.permission", "fields": {"codename": "delete_migrationhistory", "name": "Can delete migration history", "content_type": 7}}, {"pk": 22, "model": "auth.permission", "fields": {"codename": "add_event", "name": "Can add event", "content_type": 8}}, {"pk": 23, "model": "auth.permission", "fields": {"codename": "change_event", "name": "Can change event", "content_type": 8}}, {"pk": 24, "model": "auth.permission", "fields": {"codename": "delete_event", "name": "Can delete event", "content_type": 8}}, {"pk": 25, "model": "auth.permission", "fields": {"codename": "add_eventchoice", "name": "Can add event choice", "content_type": 9}}, {"pk": 26, "model": "auth.permission", "fields": {"codename": "change_eventchoice", "name": "Can change event choice", "content_type": 9}}, {"pk": 27, "model": "auth.permission", "fields": {"codename": "delete_eventchoice", "name": "Can delete event choice", "content_type": 9}}, {"pk": 28, "model": "auth.permission", "fields": {"codename": "add_eventchoiceoption", "name": "Can add event choice option", "content_type": 10}}, {"pk": 29, "model": "auth.permission", "fields": {"codename": "change_eventchoiceoption", "name": "Can change event choice option", "content_type": 10}}, {"pk": 30, "model": "auth.permission", "fields": {"codename": "delete_eventchoiceoption", "name": "Can delete event choice option", "content_type": 10}}, {"pk": 31, "model": "auth.permission", "fields": {"codename": "add_participantbooking", "name": "Can add participant booking", "content_type": 11}}, {"pk": 32, "model": "auth.permission", "fields": {"codename": "change_participantbooking", "name": "Can change participant booking", "content_type": 11}}, {"pk": 33, "model": "auth.permission", "fields": {"codename": "delete_participantbooking", "name": "Can delete participant booking", "content_type": 11}}, {"pk": 34, "model": "auth.permission", "fields": {"codename": "add_participantoption", "name": "Can add participant choice", "content_type": 12}}, {"pk": 35, "model": "auth.permission", "fields": {"codename": "change_participantoption", "name": "Can change participant choice", "content_type": 12}}, {"pk": 36, "model": "auth.permission", "fields": {"codename": "delete_participantoption", "name": "Can delete participant choice", "content_type": 12}}, {"pk": 37, "model": "auth.permission", "fields": {"codename": "add_profile", "name": "Can add profile", "content_type": 13}}, {"pk": 38, "model": "auth.permission", "fields": {"codename": "change_profile", "name": "Can change profile", "content_type": 13}}, {"pk": 39, "model": "auth.permission", "fields": {"codename": "delete_profile", "name": "Can delete profile", "content_type": 13}}, {"pk": 1, "model": "auth.group", "fields": {"name": "contractor", "permissions": []}}, {"pk": 3, "model": "auth.group", "fields": {"name": "employee", "permissions": []}}, {"pk": 1, "model": "auth.user", "fields": {"username": "root", "first_name": "Big", "last_name": "Boss", "is_active": true, "is_superuser": true, "is_staff": true, "last_login": "2014-10-05T14:52:20.088Z", "groups": [1], "user_permissions": [], "password": "pbkdf2_sha256$12000$UroBYCL1yhVU$ZGEKl46aRLWC9hvnJJh+0JE5CiEfgucscU24dFR9xWY=", "email": "", "date_joined": "2014-06-05T22:00:34Z"}}, {"pk": 2, "model": "auth.user", "fields": {"username": "germs", "first_name": "Germain", "last_name": "Chazot", "is_active": true, "is_superuser": false, "is_staff": true, "last_login": "2014-10-05T14:39:19.729Z", "groups": [3], "user_permissions": [], "password": "pbkdf2_sha256$12000$WdJPnXNuce9E$4jSVogd7lAH8pE+C5CuJN4Xe9NJGOqcqMxzFSGXQNbY=", "email": "g.chazot@gmail.com", "date_joined": "2014-06-05T22:01:43Z"}}, {"pk": 3, "model": "auth.user", "fields": {"username": "laetiti", "first_name": "Laetitia", "last_name": "Stephan", "is_active": true, "is_superuser": false, "is_staff": false, "last_login": "2014-10-04T14:56:22Z", "groups": [3], "user_permissions": [], "password": "pbkdf2_sha256$12000$CrTezhFtw1x9$gehB6MtNuiwuRY27eabKucC84VSqlIVlYcoMqQlPh64=", "email": "", "date_joined": "2014-09-26T07:45:31Z"}}, {"pk": 4, "model": "auth.user", "fields": {"username": "employee1", "first_name": "Employee1", "last_name": "Employee1", "is_active": true, "is_superuser": false, "is_staff": false, "last_login": "2014-10-05T14:30:09Z", "groups": [3], "user_permissions": [], "password": "pbkdf2_sha256$12000$PXkAJaOWiB3o$UNsvWE119S+U0erGfOkt3lJnS0oMbEP2/EEA8D7cSL8=", "email": "", "date_joined": "2014-10-05T14:30:09Z"}}, {"pk": 5, "model": "auth.user", "fields": {"username": "employee2", "first_name": "Employee2", "last_name": "Employee2", "is_active": true, "is_superuser": false, "is_staff": false, "last_login": "2014-10-05T14:30:56Z", "groups": [3], "user_permissions": [], "password": "pbkdf2_sha256$12000$XlMxGopXXzot$DLj4V1tlIntcDTHe+uTxhWzedLPSWJ7JbhwkdNkKnBo=", "email": "", "date_joined": "2014-10-05T14:30:56Z"}}, {"pk": 6, "model": "auth.user", "fields": {"username": "contractor1", "first_name": "Contractor1", "last_name": "Contractor1", "is_active": true, "is_superuser": false, "is_staff": false, "last_login": "2014-10-05T14:31:34Z", "groups": [1], "user_permissions": [], "password": "pbkdf2_sha256$12000$XIr8aBR5vpRm$Dh9TN540yHenj7XVBfePdu/17KoyHFaGlq52XKZyC3o=", "email": "", "date_joined": "2014-10-05T14:31:34Z"}}, {"pk": 7, "model": "auth.user", "fields": {"username": "contractor2", "first_name": "Contractor2", "last_name": "Contractor2", "is_active": true, "is_superuser": false, "is_staff": false, "last_login": "2014-10-05T14:32:30Z", "groups": [1], "user_permissions": [], "password": "pbkdf2_sha256$12000$0EMVjYH4qorS$TZazhKwroht9XQxH6gtZ2OWrz0D8BxrXNN3CuHFSJ+U=", "email": "", "date_joined": "2014-10-05T14:32:30Z"}}, {"pk": 1, "model": "OneEvent.event", "fields": {"price_currency": "\u00a3", "price_for_employees": "0", "end": null, "title": "Christmas Party 2014", "contractors_groups": [1], "organisers": [2, 3], "price_for_contractors": "32.5", "start": "2014-11-27T12:30:00Z", "employees_groups": [3], "choices_close": "2014-10-24T23:59:59Z", "booking_close": "2014-10-17T23:59:59Z"}}, {"pk": 1, "model": "OneEvent.participantbooking", "fields": {"cancelled": false, "person": 2, "event": 1, "datePaid": null, "paidTo": null}}, {"pk": 1, "model": "admin.logentry", "fields": {"action_flag": 2, "action_time": "2014-09-23T23:41:21.159Z", "object_repr": "Christmas Party : germs", "object_id": "1", "change_message": "Changed cancelled.", "user": 1, "content_type": 11}}, {"pk": 2, "model": "admin.logentry", "fields": {"action_flag": 2, "action_time": "2014-09-23T23:41:26.925Z", "object_repr": "Pub Friday : root", "object_id": "2", "change_message": "Changed cancelled.", "user": 1, "content_type": 11}}, {"pk": 3, "model": "admin.logentry", "fields": {"action_flag": 1, "action_time": "2014-09-23T23:41:35.518Z", "object_repr": "Shit day : germs", "object_id": "3", "change_message": "", "user": 1, "content_type": 11}}, {"pk": 4, "model": "admin.logentry", "fields": {"action_flag": 1, "action_time": "2014-09-23T23:42:27.646Z", "object_repr": "Good Day - 09/30/14 00:00 to 09/30/14 12:00", "object_id": "4", "change_message": "", "user": 1, "content_type": 8}}, {"pk": 5, "model": "admin.logentry", "fields": {"action_flag": 1, "action_time": "2014-09-23T23:42:32.461Z", "object_repr": "Good Day : root", "object_id": "4", "change_message": "", "user": 1, "content_type": 11}}, {"pk": 6, "model": "admin.logentry", "fields": {"action_flag": 3, "action_time": "2014-09-24T18:16:32.495Z", "object_repr": "Christmas Party : root -> Christmas Party: Dessert choice : option Pudding True", "object_id": "6", "change_message": "", "user": 1, "content_type": 12}}, {"pk": 7, "model": "admin.logentry", "fields": {"action_flag": 1, "action_time": "2014-09-24T18:16:45.462Z", "object_repr": "Christmas Party : root -> Christmas Party: Dessert choice : option Glace fondue False", "object_id": "6", "change_message": "", "user": 1, "content_type": 12}}, {"pk": 8, "model": "admin.logentry", "fields": {"action_flag": 2, "action_time": "2014-09-24T21:29:47.866Z", "object_repr": "Christmas Party - 06/05/14 20:00 to 06/05/14 23:10", "object_id": "1", "change_message": "Changed organisers.", "user": 1, "content_type": 8}}, {"pk": 9, "model": "admin.logentry", "fields": {"action_flag": 2, "action_time": "2014-09-24T21:30:47.084Z", "object_repr": "Christmas Party 2014 - 06/05/14 20:00 to 06/05/14 23:10", "object_id": "1", "change_message": "Changed organisers.", "user": 1, "content_type": 8}}, {"pk": 10, "model": "admin.logentry", "fields": {"action_flag": 1, "action_time": "2014-09-26T07:42:28.358Z", "object_repr": "Pub Friday: Plat choice : option Fish n' Chips False", "object_id": "8", "change_message": "", "user": 1, "content_type": 10}}, {"pk": 11, "model": "admin.logentry", "fields": {"action_flag": 1, "action_time": "2014-09-26T07:43:06.991Z", "object_repr": "Pub Friday: Binouze choice : option Old Golden Hen True", "object_id": "9", "change_message": "", "user": 1, "content_type": 10}}, {"pk": 12, "model": "admin.logentry", "fields": {"action_flag": 1, "action_time": "2014-09-26T07:43:30.896Z", "object_repr": "Pub Friday: Side choice : option Fries True", "object_id": "10", "change_message": "", "user": 1, "content_type": 10}}, {"pk": 13, "model": "admin.logentry", "fields": {"action_flag": 1, "action_time": "2014-09-26T07:44:03.469Z", "object_repr": "Pub Friday: Side choice : option Coleslaw False", "object_id": "11", "change_message": "", "user": 1, "content_type": 10}}, {"pk": 14, "model": "admin.logentry", "fields": {"action_flag": 1, "action_time": "2014-09-26T07:44:42.005Z", "object_repr": "Pub Friday: Binouze choice : option Kronenbourg 1664 False", "object_id": "12", "change_message": "", "user": 1, "content_type": 10}}, {"pk": 15, "model": "admin.logentry", "fields": {"action_flag": 1, "action_time": "2014-09-26T07:45:31.367Z", "object_repr": "laetiti", "object_id": "3", "change_message": "", "user": 1, "content_type": 4}}, {"pk": 16, "model": "admin.logentry", "fields": {"action_flag": 2, "action_time": "2014-09-26T07:45:58.461Z", "object_repr": "laetiti", "object_id": "3", "change_message": "Changed first_name and last_name.", "user": 1, "content_type": 4}}, {"pk": 17, "model": "admin.logentry", "fields": {"action_flag": 1, "action_time": "2014-09-26T07:46:11.272Z", "object_repr": "matt", "object_id": "4", "change_message": "", "user": 1, "content_type": 4}}, {"pk": 18, "model": "admin.logentry", "fields": {"action_flag": 2, "action_time": "2014-09-26T07:46:26.662Z", "object_repr": "matt", "object_id": "4", "change_message": "Changed first_name and last_name.", "user": 1, "content_type": 4}}, {"pk": 19, "model": "admin.logentry", "fields": {"action_flag": 2, "action_time": "2014-09-26T07:47:45.722Z", "object_repr": "Pub Friday - 09/26/14 11:45 to 09/26/14 13:35", "object_id": "2", "change_message": "Changed organisers.", "user": 1, "content_type": 8}}, {"pk": 20, "model": "admin.logentry", "fields": {"action_flag": 2, "action_time": "2014-09-26T07:48:10.686Z", "object_repr": "Christmas Party 2014 - 06/05/14 12:30", "object_id": "1", "change_message": "Changed start, end and organisers.", "user": 1, "content_type": 8}}, {"pk": 21, "model": "admin.logentry", "fields": {"action_flag": 2, "action_time": "2014-09-26T07:48:49.984Z", "object_repr": "Shit day - 06/07/14 00:00", "object_id": "3", "change_message": "Changed organisers.", "user": 1, "content_type": 8}}, {"pk": 22, "model": "admin.logentry", "fields": {"action_flag": 2, "action_time": "2014-09-26T07:50:18.708Z", "object_repr": "Good Day - 09/30/14 00:00 to 09/30/14 12:00", "object_id": "4", "change_message": "Changed organisers.", "user": 1, "content_type": 8}}, {"pk": 23, "model": "admin.logentry", "fields": {"action_flag": 1, "action_time": "2014-09-26T07:56:55.150Z", "object_repr": "bob", "object_id": "5", "change_message": "", "user": 1, "content_type": 4}}, {"pk": 24, "model": "admin.logentry", "fields": {"action_flag": 2, "action_time": "2014-09-26T07:57:13.774Z", "object_repr": "bob", "object_id": "5", "change_message": "Changed first_name and last_name.", "user": 1, "content_type": 4}}, {"pk": 25, "model": "admin.logentry", "fields": {"action_flag": 2, "action_time": "2014-09-26T14:47:13.552Z", "object_repr": "Christmas Party 2014 : bob", "object_id": "9", "change_message": "Changed mustPay, paidTo and datePaid.", "user": 1, "content_type": 11}}, {"pk": 26, "model": "admin.logentry", "fields": {"action_flag": 2, "action_time": "2014-09-26T21:56:52.352Z", "object_repr": "Christmas Party 2014 : matt", "object_id": "12", "change_message": "Changed mustPay.", "user": 1, "content_type": 11}}, {"pk": 27, "model": "admin.logentry", "fields": {"action_flag": 2, "action_time": "2014-09-28T19:51:58.601Z", "object_repr": "Good Day - 09/30/14 00:00 to 09/30/14 12:00", "object_id": "4", "change_message": "No fields changed.", "user": 1, "content_type": 8}}, {"pk": 28, "model": "admin.logentry", "fields": {"action_flag": 1, "action_time": "2014-10-01T22:43:11.109Z", "object_repr": "Profile object", "object_id": "1", "change_message": "", "user": 1, "content_type": 13}}, {"pk": 29, "model": "admin.logentry", "fields": {"action_flag": 1, "action_time": "2014-10-01T22:54:18.852Z", "object_repr": "Profile object", "object_id": "2", "change_message": "", "user": 1, "content_type": 13}}, {"pk": 30, "model": "admin.logentry", "fields": {"action_flag": 2, "action_time": "2014-10-04T12:40:50.859Z", "object_repr": "Christmas Party 2014 : root", "object_id": "5", "change_message": "Changed mustPay.", "user": 1, "content_type": 11}}, {"pk": 31, "model": "admin.logentry", "fields": {"action_flag": 1, "action_time": "2014-10-04T14:54:59.615Z", "object_repr": "contract_1", "object_id": "1", "change_message": "", "user": 1, "content_type": 3}}, {"pk": 32, "model": "admin.logentry", "fields": {"action_flag": 1, "action_time": "2014-10-04T14:55:05.141Z", "object_repr": "contract_2", "object_id": "2", "change_message": "", "user": 1, "content_type": 3}}, {"pk": 33, "model": "admin.logentry", "fields": {"action_flag": 1, "action_time": "2014-10-04T14:55:11.855Z", "object_repr": "employ_1", "object_id": "3", "change_message": "", "user": 1, "content_type": 3}}, {"pk": 34, "model": "admin.logentry", "fields": {"action_flag": 1, "action_time": "2014-10-04T14:55:15.893Z", "object_repr": "employ_2", "object_id": "4", "change_message": "", "user": 1, "content_type": 3}}, {"pk": 35, "model": "admin.logentry", "fields": {"action_flag": 2, "action_time": "2014-10-04T14:55:21.028Z", "object_repr": "contract_1", "object_id": "1", "change_message": "No fields changed.", "user": 1, "content_type": 3}}, {"pk": 36, "model": "admin.logentry", "fields": {"action_flag": 2, "action_time": "2014-10-04T14:57:13.358Z", "object_repr": "laetiti", "object_id": "3", "change_message": "Changed groups.", "user": 1, "content_type": 4}}, {"pk": 37, "model": "admin.logentry", "fields": {"action_flag": 2, "action_time": "2014-10-04T14:57:19.551Z", "object_repr": "germs", "object_id": "2", "change_message": "Changed groups.", "user": 1, "content_type": 4}}, {"pk": 38, "model": "admin.logentry", "fields": {"action_flag": 2, "action_time": "2014-10-04T14:57:34.111Z", "object_repr": "bob", "object_id": "5", "change_message": "Changed groups.", "user": 1, "content_type": 4}}, {"pk": 39, "model": "admin.logentry", "fields": {"action_flag": 1, "action_time": "2014-10-04T15:57:17.174Z", "object_repr": "Christmas Party 2014: Entree choice : option fromage chelou False", "object_id": "13", "change_message": "", "user": 1, "content_type": 10}}, {"pk": 40, "model": "admin.logentry", "fields": {"action_flag": 2, "action_time": "2014-10-04T17:51:03.057Z", "object_repr": "Christmas Party 2014 - 11/27/14 12:30", "object_id": "1", "change_message": "Changed employees_groups and contractors_groups.", "user": 1, "content_type": 8}}, {"pk": 41, "model": "admin.logentry", "fields": {"action_flag": 2, "action_time": "2014-10-04T17:51:29.667Z", "object_repr": "root", "object_id": "1", "change_message": "Changed groups.", "user": 1, "content_type": 4}}, {"pk": 42, "model": "admin.logentry", "fields": {"action_flag": 2, "action_time": "2014-10-04T17:51:51.626Z", "object_repr": "matt", "object_id": "4", "change_message": "Changed groups.", "user": 1, "content_type": 4}}, {"pk": 43, "model": "admin.logentry", "fields": {"action_flag": 2, "action_time": "2014-10-04T17:52:00.275Z", "object_repr": "laetiti", "object_id": "3", "change_message": "Changed groups.", "user": 1, "content_type": 4}}, {"pk": 44, "model": "admin.logentry", "fields": {"action_flag": 2, "action_time": "2014-10-04T17:52:06.117Z", "object_repr": "germs", "object_id": "2", "change_message": "No fields changed.", "user": 1, "content_type": 4}}, {"pk": 45, "model": "admin.logentry", "fields": {"action_flag": 2, "action_time": "2014-10-04T17:52:13.455Z", "object_repr": "bob", "object_id": "5", "change_message": "Changed groups.", "user": 1, "content_type": 4}}, {"pk": 46, "model": "admin.logentry", "fields": {"action_flag": 2, "action_time": "2014-10-05T10:58:24.467Z", "object_repr": "Christmas Party 2014 - 11/27/14 12:30", "object_id": "1", "change_message": "Changed booking_close, choices_close, price_for_employees, price_for_contractors and price_currency. Changed title for event choice \"Christmas Party 2014: Starter choice\". Changed title for event choice \"Christmas Party 2014: Main Course choice\".", "user": 1, "content_type": 8}}, {"pk": 47, "model": "admin.logentry", "fields": {"action_flag": 2, "action_time": "2014-10-05T10:59:15.920Z", "object_repr": "Christmas Party 2014: Starter choice", "object_id": "1", "change_message": "Added event choice option \"Christmas Party 2014: Starter choice : option Smoked Salmon with Wild Roquette, Lemon Cr\u00e8me Fra\u00eeche & Brown Br (default)\". Added event choice option \"Christmas Party 2014: Starter choice : option Caramelised Red Onion & Goat\u2019s Cheese Filo Tart (v) (default)\". Changed title and default for event choice option \"Christmas Party 2014: Starter choice : option Carrot & Coriander Soup with French Baguette (v) (default)\". Changed title and default for event choice option \"Christmas Party 2014: Starter choice : option Hog Roast Pork with Apple & Sage P\u00e2t\u00e9 & Chutney (default)\". Changed title for event choice option \"Christmas Party 2014: Starter choice : option Shredded Duck Spring Rolls with Plum Sauce (n) (default)\".", "user": 1, "content_type": 9}}, {"pk": 48, "model": "admin.logentry", "fields": {"action_flag": 2, "action_time": "2014-10-05T10:59:58.552Z", "object_repr": "Christmas Party 2014: Main Course choice", "object_id": "2", "change_message": "Added event choice option \"Christmas Party 2014: Main Course choice : option Oven Roast Salmon, served with New Potatoes & White Wine, Caper \". Added event choice option \"Christmas Party 2014: Main Course choice : option Grilled Sirloin Steak, served with Roasted Beef Salt Tomato, Jen\". Added event choice option \"Christmas Party 2014: Main Course choice : option Pan Roasted Chicken Breast, served with Roasted Root Vegetable R\". Added event choice option \"Christmas Party 2014: Main Course choice : option Asparagus & Garden Pea Girasole Pasta (v)\". Changed title for event choice option \"Christmas Party 2014: Main Course choice : option Bacon Wrapped Roasted Turkey Parcel served with Sage & Onion Stu\". Changed title for event choice option \"Christmas Party 2014: Main Course choice : option Roast Potatoes, Brussels Sprouts, Honey Glazed Parsnips & Carrot (default)\".", "user": 1, "content_type": 9}}, {"pk": 49, "model": "admin.logentry", "fields": {"action_flag": 2, "action_time": "2014-10-05T11:00:32.740Z", "object_repr": "Christmas Party 2014: Dessert choice", "object_id": "3", "change_message": "Added event choice option \"Christmas Party 2014: Dessert choice : option Chocolate Brownie with Vanilla Ice Cream\". Added event choice option \"Christmas Party 2014: Dessert choice : option Rocky Road Cheesecake with White Chocolate Sauce (v)\". Added event choice option \"Christmas Party 2014: Dessert choice : option Winter Fruit Salad of Pomegranates, Clementines, Apples & Pears \". Changed title for event choice option \"Christmas Party 2014: Dessert choice : option Traditional Christmas Pudding with Brandy Sauce (n)\". Changed title for event choice option \"Christmas Party 2014: Dessert choice : option Lemon Tart with Fresh Raspberries (v) (default)\".", "user": 1, "content_type": 9}}, {"pk": 50, "model": "admin.logentry", "fields": {"action_flag": 2, "action_time": "2014-10-05T11:04:39.519Z", "object_repr": "Christmas Party 2014: Main Course choice", "object_id": "2", "change_message": "Changed title for event choice option \"Christmas Party 2014: Main Course choice : option Bacon Wrapped Roasted Turkey Parcel served with Sage & Onion Stuffing, \".", "user": 1, "content_type": 9}}, {"pk": 51, "model": "admin.logentry", "fields": {"action_flag": 3, "action_time": "2014-10-05T14:28:45.646Z", "object_repr": "Good Day - 09/30/14 00:00 to 09/30/14 12:00", "object_id": "4", "change_message": "", "user": 1, "content_type": 8}}, {"pk": 52, "model": "admin.logentry", "fields": {"action_flag": 3, "action_time": "2014-10-05T14:28:45.654Z", "object_repr": "Shit day - 12/07/14 00:00", "object_id": "3", "change_message": "", "user": 1, "content_type": 8}}, {"pk": 53, "model": "admin.logentry", "fields": {"action_flag": 3, "action_time": "2014-10-05T14:28:45.664Z", "object_repr": "Pub Friday - 09/26/14 11:45 to 09/26/14 13:35", "object_id": "2", "change_message": "", "user": 1, "content_type": 8}}, {"pk": 54, "model": "admin.logentry", "fields": {"action_flag": 3, "action_time": "2014-10-05T14:29:01.290Z", "object_repr": "contract_2", "object_id": "2", "change_message": "", "user": 1, "content_type": 3}}, {"pk": 55, "model": "admin.logentry", "fields": {"action_flag": 3, "action_time": "2014-10-05T14:29:01.299Z", "object_repr": "employ_2", "object_id": "4", "change_message": "", "user": 1, "content_type": 3}}, {"pk": 56, "model": "admin.logentry", "fields": {"action_flag": 2, "action_time": "2014-10-05T14:29:14.513Z", "object_repr": "contractor", "object_id": "1", "change_message": "Changed name.", "user": 1, "content_type": 3}}, {"pk": 57, "model": "admin.logentry", "fields": {"action_flag": 2, "action_time": "2014-10-05T14:29:26.098Z", "object_repr": "employee", "object_id": "3", "change_message": "Changed name.", "user": 1, "content_type": 3}}, {"pk": 58, "model": "admin.logentry", "fields": {"action_flag": 3, "action_time": "2014-10-05T14:29:47.628Z", "object_repr": "bob", "object_id": "5", "change_message": "", "user": 1, "content_type": 4}}, {"pk": 59, "model": "admin.logentry", "fields": {"action_flag": 3, "action_time": "2014-10-05T14:29:47.638Z", "object_repr": "matt", "object_id": "4", "change_message": "", "user": 1, "content_type": 4}}, {"pk": 60, "model": "admin.logentry", "fields": {"action_flag": 1, "action_time": "2014-10-05T14:30:09.694Z", "object_repr": "employee1", "object_id": "4", "change_message": "", "user": 1, "content_type": 4}}, {"pk": 61, "model": "admin.logentry", "fields": {"action_flag": 2, "action_time": "2014-10-05T14:30:29.210Z", "object_repr": "employee1", "object_id": "4", "change_message": "Changed first_name and last_name.", "user": 1, "content_type": 4}}, {"pk": 62, "model": "admin.logentry", "fields": {"action_flag": 1, "action_time": "2014-10-05T14:30:56.238Z", "object_repr": "employee2", "object_id": "5", "change_message": "", "user": 1, "content_type": 4}}, {"pk": 63, "model": "admin.logentry", "fields": {"action_flag": 2, "action_time": "2014-10-05T14:31:15.427Z", "object_repr": "employee2", "object_id": "5", "change_message": "Changed first_name and last_name.", "user": 1, "content_type": 4}}, {"pk": 64, "model": "admin.logentry", "fields": {"action_flag": 1, "action_time": "2014-10-05T14:31:34.745Z", "object_repr": "contractor1", "object_id": "6", "change_message": "", "user": 1, "content_type": 4}}, {"pk": 65, "model": "admin.logentry", "fields": {"action_flag": 2, "action_time": "2014-10-05T14:32:00.584Z", "object_repr": "contractor1", "object_id": "6", "change_message": "Changed first_name and last_name.", "user": 1, "content_type": 4}}, {"pk": 66, "model": "admin.logentry", "fields": {"action_flag": 1, "action_time": "2014-10-05T14:32:30.576Z", "object_repr": "contractor2", "object_id": "7", "change_message": "", "user": 1, "content_type": 4}}, {"pk": 67, "model": "admin.logentry", "fields": {"action_flag": 2, "action_time": "2014-10-05T14:32:40.955Z", "object_repr": "contractor2", "object_id": "7", "change_message": "Changed first_name and last_name.", "user": 1, "content_type": 4}}, {"pk": 68, "model": "admin.logentry", "fields": {"action_flag": 2, "action_time": "2014-10-05T14:32:49.042Z", "object_repr": "contractor2", "object_id": "7", "change_message": "Changed groups.", "user": 1, "content_type": 4}}, {"pk": 69, "model": "admin.logentry", "fields": {"action_flag": 2, "action_time": "2014-10-05T14:32:57.388Z", "object_repr": "contractor1", "object_id": "6", "change_message": "Changed groups.", "user": 1, "content_type": 4}}, {"pk": 70, "model": "admin.logentry", "fields": {"action_flag": 2, "action_time": "2014-10-05T14:33:05.541Z", "object_repr": "employee1", "object_id": "4", "change_message": "Changed groups.", "user": 1, "content_type": 4}}, {"pk": 71, "model": "admin.logentry", "fields": {"action_flag": 2, "action_time": "2014-10-05T14:33:14.158Z", "object_repr": "employee2", "object_id": "5", "change_message": "Changed groups.", "user": 1, "content_type": 4}}, {"pk": 72, "model": "admin.logentry", "fields": {"action_flag": 2, "action_time": "2014-10-05T14:36:03.357Z", "object_repr": "Christmas Party 2014: Starter choice", "object_id": "1", "change_message": "Changed title for event choice option \"Christmas Party 2014: Starter choice : option Smoked Salmon with Wild Roquette, Lemon Cr\u00e8me Fra\u00eeche & Brown Bread (default)\".", "user": 1, "content_type": 9}}, {"pk": 73, "model": "admin.logentry", "fields": {"action_flag": 2, "action_time": "2014-10-05T14:37:08.193Z", "object_repr": "Christmas Party 2014: Main Course choice", "object_id": "2", "change_message": "Changed title for event choice option \"Christmas Party 2014: Main Course choice : option Bacon Wrapped Roasted Turkey Parcel served with Sage & Onion Stuffing,\". Changed title for event choice option \"Christmas Party 2014: Main Course choice : option Roast Potatoes, Brussels Sprouts, Honey Glazed Parsnips & Carrots with Rich Gravy (n) (default)\". Changed title for event choice option \"Christmas Party 2014: Main Course choice : option Oven Roast Salmon, served with New Potatoes & White Wine, Caper & Parsley Sauce\". Changed title for event choice option \"Christmas Party 2014: Main Course choice : option Grilled Sirloin Steak, served with Roasted Beef Salt Tomato, Jenga Chips & Peppercorn Sauce\". Changed title for event choice option \"Christmas Party 2014: Main Course choice : option Pan Roasted Chicken Breast, served with Roasted Root Vegetable Rosti & Mushroom Sauce\".", "user": 1, "content_type": 9}}, {"pk": 74, "model": "admin.logentry", "fields": {"action_flag": 2, "action_time": "2014-10-05T14:37:49.132Z", "object_repr": "Christmas Party 2014: Dessert choice", "object_id": "3", "change_message": "Changed title for event choice option \"Christmas Party 2014: Dessert choice : option Winter Fruit Salad of Pomegranates, Clementines, Apples & Pears (v)\".", "user": 1, "content_type": 9}}, {"pk": 75, "model": "admin.logentry", "fields": {"action_flag": 3, "action_time": "2014-10-05T14:38:43.707Z", "object_repr": "Christmas Party 2014 : laetiti", "object_id": "10", "change_message": "", "user": 1, "content_type": 11}}, {"pk": 76, "model": "admin.logentry", "fields": {"action_flag": 3, "action_time": "2014-10-05T14:38:43.713Z", "object_repr": "Christmas Party 2014 : root", "object_id": "5", "change_message": "", "user": 1, "content_type": 11}}, {"pk": 77, "model": "admin.logentry", "fields": {"action_flag": 2, "action_time": "2014-10-05T14:39:04.847Z", "object_repr": "Christmas Party 2014 - 11/27/14 12:30", "object_id": "1", "change_message": "No fields changed.", "user": 1, "content_type": 8}}]